Age,Guess_19,Guess_20,Guess_21
51,43.70149254,59.65833,41.26866
37,33.19402985,51.50833,33.28358
63,49.21212121,65.28333,48.92537
38,34.48484848,58.30833,34.1791
42,37.84848485,55.7395,37.32836
49,29.56060606,47.11765,29.34328
60,35.01515152,53.47294,33.47761
30,26.95454545,44.65546,27.22388
75,55.1969697,73.22689,55.16418
58,35.5,50.15126,34.02985
50,37.27272727,54.0084,38.26866
73,62.56060606,79.89916,62.35821
35,29.46268657,46.20168,29.59701
